pair_id,page_url,before_path,after_path,room_type,split,src_before,src_after,style_desc,style_primary,style_secondary,style_conf,style_evidence
8e4a18cdf683b7367c,https://www.hgtv.com/shows/property-brothers/jonathan-and-drew-scotts-50-most-dramatic-transformations-pictures,/content/drive/MyDrive/lora_dataset_final/dataset_lora/before/kitchen__8e4a18cdf683b7367c_orig.jpg,/content/drive/MyDrive/lora_dataset_final/dataset_lora/after/kitchen__8e4a18cdf683b7367c_orig.jpg,kitchen,train,/home/jupyter/clean_108_WITH_LABELS/before/kitchen__8e4a18cdf683b7367c.jpg,/home/jupyter/clean_108_WITH_LABELS/after/kitchen__8e4a18cdf683b7367c.jpg,"taupe walls with terracotta accent, white raised-panel cabinetry, granite countertops, brown tile flooring, recessed lighting, transitional",Traditional,Rustic,high,"White raised-panel cabinets, speckled granite countertops, tumbled stone tile backsplash, warm tile flooring, and a gooseneck faucet."
518be685c29c23b28e,https://www.hgtv.com/shows/property-brothers/jonathan-and-drew-scotts-50-most-dramatic-transformations-pictures,/content/drive/MyDrive/lora_dataset_final/dataset_lora/before/living_room__518be685c29c23b28e_orig.jpg,/content/drive/MyDrive/lora_dataset_final/dataset_lora/after/living_room__518be685c29c23b28e_orig.jpg,living room,train,/home/jupyter/clean_108_WITH_LABELS/before/living_room__518be685c29c23b28e.jpg,/home/jupyter/clean_108_WITH_LABELS/after/living_room__518be685c29c23b28e.jpg,"warm gray walls, white built-in shelving with terracotta backing, hardwood flooring, soft table lamp lighting, eclectic transitional",Contemporary,Mid-Century Modern,medium,"Bold orange and blue accents, graphic striped rug, abstract floral artwork, clean-lined grey sofa, and tiled fireplace mantel."
e060ff269e34881039,https://www.hgtv.com/shows/property-brothers/jonathan-and-drew-scotts-50-most-dramatic-transformations-pictures,/content/drive/MyDrive/lora_dataset_final/dataset_lora/before/living_room__e060ff269e34881039_orig.jpg,/content/drive/MyDrive/lora_dataset_final/dataset_lora/after/living_room__e060ff269e34881039_orig.jpg,living room,train,/home/jupyter/clean_108_WITH_LABELS/before/living_room__e060ff269e34881039.jpg,/home/jupyter/clean_108_WITH_LABELS/after/living_room__e060ff269e34881039.jpg,"Neutral walls with chevron column, dark wood built-ins, travertine tile flooring, orb crystal chandelier, eclectic transitional",Contemporary,Traditional,high,"Travertine tile, dark wood built-ins, striped armchairs, a bold chevron fireplace column, and a large crystal orb chandelier."
93d40a33bb68bb8d7b,https://www.hgtv.com/shows/property-brothers/jonathan-and-drew-scotts-50-most-dramatic-transformations-pictures,/content/drive/MyDrive/lora_dataset_final/dataset_lora/before/living_room__93d40a33bb68bb8d7b_orig.jpg,/content/drive/MyDrive/lora_dataset_final/dataset_lora/after/living_room__93d40a33bb68bb8d7b_orig.jpg,living room,train,/home/jupyter/clean_108_WITH_LABELS/before/living_room__93d40a33bb68bb8d7b.jpg,/home/jupyter/clean_108_WITH_LABELS/after/living_room__93d40a33bb68bb8d7b.jpg,"pale blue walls, chevron drapery, white and olive seating, patterned purple area rug, eclectic contemporary",Contemporary,Traditional,medium,"Bold chevron curtains, vibrant pink and green palette, rolled-arm armchairs, black lacquered coffee tables, and geometric patterned textiles."
98625ec09d7ad72f86,https://www.hgtv.com/shows/property-brothers/rockin-renos-from-hgtvs-property-brothers-pictures,/content/drive/MyDrive/lora_dataset_final/dataset_lora/before/living_room__98625ec09d7ad72f86_orig.jpg,/content/drive/MyDrive/lora_dataset_final/dataset_lora/after/living_room__98625ec09d7ad72f86_orig.jpg,living room,train,/home/jupyter/clean_108_WITH_LABELS/before/living_room__98625ec09d7ad72f86.jpg,/home/jupyter/clean_108_WITH_LABELS/after/living_room__98625ec09d7ad72f86.jpg,"slate blue walls, white herringbone fireplace tile, dark wood accent cabinet, dark hardwood flooring, warm wall sconces, transitional",Traditional,Rustic,high,"Ornate white mantel, damask patterned armchairs, crown molding, and a heavy slatted rustic wood coffee table."
cfc7556545ba26d354,https://www.hgtv.com/shows/property-brothers/rockin-renos-from-hgtvs-property-brothers-pictures,/content/drive/MyDrive/lora_dataset_final/dataset_lora/before/entryway__cfc7556545ba26d354_orig.jpg,/content/drive/MyDrive/lora_dataset_final/dataset_lora/after/entryway__cfc7556545ba26d354_orig.jpg,entryway,train,/home/jupyter/clean_108_WITH_LABELS/before/entryway__cfc7556545ba26d354.jpg,/home/jupyter/clean_108_WITH_LABELS/after/entryway__cfc7556545ba26d354.jpg,"deep blue and charcoal walls, dark wood flooring, industrial glass cylinder chandelier, contemporary game room",Contemporary,Traditional,medium,"Dark wood flooring, bold blue and black accent walls, geometric rug, linear glass chandelier, and classic wood staircase."
8d5174257e8f5d4ba2,https://www.hgtv.com/shows/property-brothers/rockin-renos-from-hgtvs-property-brothers-pictures,/content/drive/MyDrive/lora_dataset_final/dataset_lora/before/kitchen__8d5174257e8f5d4ba2_orig.jpg,/content/drive/MyDrive/lora_dataset_final/dataset_lora/after/kitchen__8d5174257e8f5d4ba2_orig.jpg,kitchen,train,/home/jupyter/clean_108_WITH_LABELS/before/kitchen__8d5174257e8f5d4ba2.jpg,/home/jupyter/clean_108_WITH_LABELS/after/kitchen__8d5174257e8f5d4ba2.jpg,"navy blue and white walls, white and dark wood shaker cabinetry, gray herringbone tile flooring, bronze pendant lighting, transitional",Traditional,Farmhouse,high,"White shaker cabinets, navy walls, dark wood island, herringbone tile floor, industrial pendant lights, and subway tile backsplash."
eef4441d467f4e7a0f,https://www.hgtv.com/shows/property-brothers/rockin-renos-from-hgtvs-property-brothers-pictures,/content/drive/MyDrive/lora_dataset_final/dataset_lora/before/living_room__eef4441d467f4e7a0f_orig.jpg,/content/drive/MyDrive/lora_dataset_final/dataset_lora/after/living_room__eef4441d467f4e7a0f_orig.jpg,living room,train,/home/jupyter/clean_108_WITH_LABELS/before/living_room__eef4441d467f4e7a0f.jpg,/home/jupyter/clean_108_WITH_LABELS/after/living_room__eef4441d467f4e7a0f.jpg,"light gray walls, charcoal fireplace mantel, sliding wood barn door, blue patterned rug, recessed lighting, transitional rustic",Contemporary,Rustic,high,"Sliding wooden barn door, blocky wood coffee table, clean-lined grey sofa, blue armchairs, and neutral color palette."
ee4b164bad7711c747,https://www.hgtv.com/shows/property-brothers/room-transformations-from-the-property-brothers-pictures,/content/drive/MyDrive/lora_dataset_final/dataset_lora/before/living_room__ee4b164bad7711c747_orig.jpg,/content/drive/MyDrive/lora_dataset_final/dataset_lora/after/living_room__ee4b164bad7711c747_orig.jpg,living room,train,/home/jupyter/clean_108_WITH_LABELS/before/living_room__ee4b164bad7711c747.jpg,/home/jupyter/clean_108_WITH_LABELS/after/living_room__ee4b164bad7711c747.jpg,"stone accent wall, white shaker built-in cabinet, dark wood flooring with patterned rug, rustic wood chandelier, rustic transitional",Rustic,Traditional,high,"Rough stone fireplace wall, exposed dark wood ceiling beams, traditional turned-leg coffee table, classic chandelier, and patterned area rug."
92ff1faf7aac6a0621,https://www.hgtv.com/shows/property-brothers/room-transformations-from-the-property-brothers-pictures,/content/drive/MyDrive/lora_dataset_final/dataset_lora/before/kitchen__92ff1faf7aac6a0621_orig.jpg,/content/drive/MyDrive/lora_dataset_final/dataset_lora/after/kitchen__92ff1faf7aac6a0621_orig.jpg,kitchen,train,/home/jupyter/clean_108_WITH_LABELS/before/kitchen__92ff1faf7aac6a0621.jpg,/home/jupyter/clean_108_WITH_LABELS/after/kitchen__92ff1faf7aac6a0621.jpg,"cream tile backsplash with brown accents, off-white shaker cabinetry, dark wood flooring, warm under-cabinet lighting, transitional kitchen",Traditional,Farmhouse,high,"Arched raised-panel cabinets, granite countertops, and decorative tile borders pair with cup pulls and stainless steel appliances."
2e3a34ade3a9567377,https://www.hgtv.com/shows/property-brothers/room-transformations-from-the-property-brothers-pictures,/content/drive/MyDrive/lora_dataset_final/dataset_lora/before/dining_room__2e3a34ade3a9567377_orig.jpg,/content/drive/MyDrive/lora_dataset_final/dataset_lora/after/dining_room__2e3a34ade3a9567377_orig.jpg,dining room,train,/home/jupyter/clean_108_WITH_LABELS/before/dining_room__2e3a34ade3a9567377.jpg,/home/jupyter/clean_108_WITH_LABELS/after/dining_room__2e3a34ade3a9567377.jpg,"Two-tone mustard and brown walls with white trim, dark hardwood flooring, rustic wagon-wheel candle chandelier, warm traditional",Traditional,Rustic,high,"Dark wood dining table, black cane-back chairs, distressed wagon-wheel chandelier, and warm ochre and brown walls."
9b567ffde70056d899,https://www.hgtv.com/shows/property-brothers/room-transformations-from-the-property-brothers-pictures,/content/drive/MyDrive/lora_dataset_final/dataset_lora/before/kitchen__9b567ffde70056d899_orig.jpg,/content/drive/MyDrive/lora_dataset_final/dataset_lora/after/kitchen__9b567ffde70056d899_orig.jpg,kitchen,train,/home/jupyter/clean_108_WITH_LABELS/before/kitchen__9b567ffde70056d899.jpg,/home/jupyter/clean_108_WITH_LABELS/after/kitchen__9b567ffde70056d899.jpg,"Pale mint walls, white shaker cabinetry, wood-top island, checkerboard tile flooring, recessed lighting, cottage farmhouse",Farmhouse,Traditional,high,"White shaker cabinets, apron-front sink, wooden island with butcher block top, checkered floor, and stainless steel appliances."
a1db06faf47a6ae935,https://www.hgtv.com/shows/property-brothers/room-transformations-from-the-property-brothers-pictures,/content/drive/MyDrive/lora_dataset_final/dataset_lora/before/living_room__a1db06faf47a6ae935_orig.jpg,/content/drive/MyDrive/lora_dataset_final/dataset_lora/after/living_room__a1db06faf47a6ae935_orig.jpg,living room,train,/home/jupyter/clean_108_WITH_LABELS/before/living_room__a1db06faf47a6ae935.jpg,/home/jupyter/clean_108_WITH_LABELS/after/living_room__a1db06faf47a6ae935.jpg,"mint green and white walls, pink patterned rug, mint green and patterned seating, warm ceiling fan light, eclectic cottage",Bohemian,Farmhouse,medium,"Beadboard walls, exposed green beams, mixed patterns on rug and armchairs, floral curtains, and flower-filled glass coffee table."
134b65d61e04d23396,https://www.hgtv.com/shows/property-brothers/room-transformations-from-the-property-brothers-pictures,/content/drive/MyDrive/lora_dataset_final/dataset_lora/before/bathroom__134b65d61e04d23396_orig.jpg,/content/drive/MyDrive/lora_dataset_final/dataset_lora/after/bathroom__134b65d61e04d23396_orig.jpg,bathroom,train,/home/jupyter/clean_108_WITH_LABELS/before/bathroom__134b65d61e04d23396.jpg,/home/jupyter/clean_108_WITH_LABELS/after/bathroom__134b65d61e04d23396.jpg,"teal walls, iridescent mosaic tiling, dark espresso vanity, gray tile flooring, warm vanity lighting, contemporary eclectic",Contemporary,Modern,high,"Teal walls, iridescent mosaic shower tile, dark grey subway tile, stone vessel sink, waterfall faucet, and black vanity."
01ad18d62424b8f8a5,https://www.hgtv.com/shows/property-brothers/room-transformations-from-the-property-brothers-pictures,/content/drive/MyDrive/lora_dataset_final/dataset_lora/before/kitchen__01ad18d62424b8f8a5_orig.jpg,/content/drive/MyDrive/lora_dataset_final/dataset_lora/after/kitchen__01ad18d62424b8f8a5_orig.jpg,kitchen,train,/home/jupyter/clean_108_WITH_LABELS/before/kitchen__01ad18d62424b8f8a5.jpg,/home/jupyter/clean_108_WITH_LABELS/after/kitchen__01ad18d62424b8f8a5.jpg,"teal mosaic tile walls, dark stained wood cabinetry, light concrete flooring, industrial pendant lighting, rustic modern",Mid-Century Modern,Rustic,high,"Teal mosaic tile backsplash, flat-panel warm wood cabinets, stainless steel appliances, woven bamboo shade, and leather barstools."
bd366bf8e2095f7a91,https://www.hgtv.com/shows/property-brothers/room-transformations-from-the-property-brothers-pictures,/content/drive/MyDrive/lora_dataset_final/dataset_lora/before/living_room__bd366bf8e2095f7a91_orig.jpg,/content/drive/MyDrive/lora_dataset_final/dataset_lora/after/living_room__bd366bf8e2095f7a91_orig.jpg,living room,train,/home/jupyter/clean_108_WITH_LABELS/before/living_room__bd366bf8e2095f7a91.jpg,/home/jupyter/clean_108_WITH_LABELS/after/living_room__bd366bf8e2095f7a91.jpg,"sage green and soft blue walls, warm hardwood flooring, patterned area rug, contemporary table lamp, eclectic transitional",Traditional,Farmhouse,high,"Tufted velvet sofa, traditional patterned rug, exposed ceiling beams, rustic wooden coffee table, and woven storage baskets."
f8b7c385da9dc969dc,https://www.hgtv.com/shows/property-brothers/room-transformations-from-the-property-brothers-pictures,/content/drive/MyDrive/lora_dataset_final/dataset_lora/before/living_room__f8b7c385da9dc969dc_orig.jpg,/content/drive/MyDrive/lora_dataset_final/dataset_lora/after/living_room__f8b7c385da9dc969dc_orig.jpg,living room,train,/home/jupyter/clean_108_WITH_LABELS/before/living_room__f8b7c385da9dc969dc.jpg,/home/jupyter/clean_108_WITH_LABELS/after/living_room__f8b7c385da9dc969dc.jpg,"Cool gray walls, light oak flooring, plush gray area rug, brushed nickel ceiling fan light, transitional",Contemporary,Rustic,medium,"Chunky wood media console, metal-framed coffee table, clean-lined blue sectional, teal armchairs, and light wood flooring."
bc7c4a19a8c98d7f0a,https://www.hgtv.com/shows/property-brothers/room-transformations-from-the-property-brothers-pictures,/content/drive/MyDrive/lora_dataset_final/dataset_lora/before/kitchen__bc7c4a19a8c98d7f0a_orig.jpg,/content/drive/MyDrive/lora_dataset_final/dataset_lora/after/kitchen__bc7c4a19a8c98d7f0a_orig.jpg,kitchen,train,/home/jupyter/clean_108_WITH_LABELS/before/kitchen__bc7c4a19a8c98d7f0a.jpg,/home/jupyter/clean_108_WITH_LABELS/after/kitchen__bc7c4a19a8c98d7f0a.jpg,"white subway tile backsplash, white shaker cabinetry, black countertops, gray tile flooring, under-cabinet lighting, modern farmhouse",Farmhouse,Traditional,high,"White shaker cabinets, subway tile backsplash, stainless steel appliances, cup pull hardware, and a traditional patterned rug."
2d8860cc7a4b9f800d,https://www.hgtv.com/shows/property-brothers/room-transformations-from-the-property-brothers-pictures,/content/drive/MyDrive/lora_dataset_final/dataset_lora/before/dining_room__2d8860cc7a4b9f800d_orig.jpg,/content/drive/MyDrive/lora_dataset_final/dataset_lora/after/dining_room__2d8860cc7a4b9f800d_orig.jpg,dining room,train,/home/jupyter/clean_108_WITH_LABELS/before/dining_room__2d8860cc7a4b9f800d.jpg,/home/jupyter/clean_108_WITH_LABELS/after/dining_room__2d8860cc7a4b9f800d.jpg,"peach and cream walls, white built-in bookcase, dark hardwood flooring, chrome chandelier, transitional dining room",Traditional,Contemporary,medium,"Dark wood slatted chairs, polished dining table, chrome chandelier, warm peach walls, bay window, and dark hardwood floors."
b5a661da560610f887,https://www.hgtv.com/shows/property-brothers/room-transformations-from-the-property-brothers-pictures,/content/drive/MyDrive/lora_dataset_final/dataset_lora/before/kitchen__b5a661da560610f887_orig.jpg,/content/drive/MyDrive/lora_dataset_final/dataset_lora/after/kitchen__b5a661da560610f887_orig.jpg,kitchen,train,/home/jupyter/clean_108_WITH_LABELS/before/kitchen__b5a661da560610f887.jpg,/home/jupyter/clean_108_WITH_LABELS/after/kitchen__b5a661da560610f887.jpg,"neutral walls, beige granite countertops, white shaker cabinetry, light beige tile flooring, recessed lighting, transitional kitchen",Traditional,Contemporary,high,"White raised-panel cabinets, speckled granite countertops, stainless steel appliances, beige tile flooring, and simple silver hardware."
4ee330b2d358c53959,https://www.hgtv.com/shows/property-brothers/the-property-brothers-unveil-a-modern-makeover-pictures,/content/drive/MyDrive/lora_dataset_final/dataset_lora/before/living_room__4ee330b2d358c53959_orig.jpg,/content/drive/MyDrive/lora_dataset_final/dataset_lora/after/living_room__4ee330b2d358c53959_orig.jpg,living room,train,/home/jupyter/clean_108_WITH_LABELS/before/living_room__4ee330b2d358c53959.jpg,/home/jupyter/clean_108_WITH_LABELS/after/living_room__4ee330b2d358c53959.jpg,"warm greige walls, dark hardwood flooring, geometric patterned rug, iron wagon wheel chandelier, modern rustic",Rustic,Traditional,high,"Stacked stone fireplace, wood-beamed vaulted ceiling, traditional wood piano, nailhead trim armchairs, and a geometric patterned rug."
40ad8f7a2a04976914,https://www.hgtv.com/shows/property-brothers/the-property-brothers-unveil-a-modern-makeover-pictures,/content/drive/MyDrive/lora_dataset_final/dataset_lora/before/dining_room__40ad8f7a2a04976914_orig.jpg,/content/drive/MyDrive/lora_dataset_final/dataset_lora/after/dining_room__40ad8f7a2a04976914_orig.jpg,dining room,train,/home/jupyter/clean_108_WITH_LABELS/before/dining_room__40ad8f7a2a04976914.jpg,/home/jupyter/clean_108_WITH_LABELS/after/dining_room__40ad8f7a2a04976914.jpg,"warm greige walls, white shaker kitchen cabinetry, dark hardwood flooring, clear glass globe pendant lights, transitional",Traditional,Contemporary,high,"Dark wood table, tufted nailhead chairs, crown molding, shaker cabinets, geometric patterned upholstery, and glass globe pendant lights."
2566ae3554fd40716b,https://www.hgtv.com/shows/property-brothers/the-property-brothers-unveil-a-modern-makeover-pictures,/content/drive/MyDrive/lora_dataset_final/dataset_lora/before/kitchen__2566ae3554fd40716b_orig.jpg,/content/drive/MyDrive/lora_dataset_final/dataset_lora/after/kitchen__2566ae3554fd40716b_orig.jpg,kitchen,train,/home/jupyter/clean_108_WITH_LABELS/before/kitchen__2566ae3554fd40716b.jpg,/home/jupyter/clean_108_WITH_LABELS/after/kitchen__2566ae3554fd40716b.jpg,"soft gray walls, white marble countertops, white shaker cabinetry, dark hardwood flooring, glass globe pendant lighting, classic transitional",Traditional,Contemporary,high,"White shaker cabinets, ornate crown molding, marble countertops, dark hardwood floors, and stainless steel appliances."
8a18c48d9eb493f3d8,https://www.hgtv.com/shows/property-brothers/the-property-brothers-unveil-a-modern-makeover-pictures,/content/drive/MyDrive/lora_dataset_final/dataset_lora_holdout/before/entryway__8a18c48d9eb493f3d8_orig.jpg,/content/drive/MyDrive/lora_dataset_final/dataset_lora_holdout/after/entryway__8a18c48d9eb493f3d8_orig.jpg,entryway,holdout,/home/jupyter/clean_108_WITH_LABELS/before/entryway__8a18c48d9eb493f3d8.jpg,/home/jupyter/clean_108_WITH_LABELS/after/entryway__8a18c48d9eb493f3d8.jpg,"soft greige walls with white trim, white shaker cabinetry, rich dark wood flooring, recessed ceiling lighting, coastal transitional",Traditional,Coastal,high,"Dark hardwood floors, white shaker cabinets, crown molding, patterned upholstered dining chairs, and blue-and-white coastal accents."
a4a63f64707847ad85,https://www.hgtv.com/shows/property-brothers/the-property-brothers-unveil-a-modern-makeover-pictures,/content/drive/MyDrive/lora_dataset_final/dataset_lora/before/living_room__a4a63f64707847ad85_orig.jpg,/content/drive/MyDrive/lora_dataset_final/dataset_lora/after/living_room__a4a63f64707847ad85_orig.jpg,living room,train,/home/jupyter/clean_108_WITH_LABELS/before/living_room__a4a63f64707847ad85.jpg,/home/jupyter/clean_108_WITH_LABELS/after/living_room__a4a63f64707847ad85.jpg,"off-white walls with teal and pink accents, colorful striped geometric carpet, recessed ceiling lights, playful contemporary",Contemporary,Traditional,medium,"Bold geometric striped carpet, neutral sectional, teal armchair with nailhead trim, white tufted ottoman, and bright accent pillows."
84a1b0698337748591,https://www.thespruce.com/before-and-after-bedroom-makeovers-8671901,/content/drive/MyDrive/lora_dataset_final/dataset_lora_holdout/before/bedroom__84a1b0698337748591_orig.jpg,/content/drive/MyDrive/lora_dataset_final/dataset_lora_holdout/after/bedroom__84a1b0698337748591_orig.jpg,bedroom,holdout,/home/jupyter/clean_108_WITH_LABELS/before/bedroom__84a1b0698337748591.jpg,/home/jupyter/clean_108_WITH_LABELS/after/bedroom__84a1b0698337748591.jpg,"pale gray walls, white nightstand, wood flooring with striped cream rug, patterned ceramic table lamp, modern bohemian",Contemporary,Bohemian,high,"Geometric mudcloth bedding, striped rug, channel-tufted headboard, white nightstand with gold hardware, and gold bird wall decor."
25347e444234dec9bd,https://www.thespruce.com/before-and-after-bedroom-makeovers-8671901,/content/drive/MyDrive/lora_dataset_final/dataset_lora/before/bedroom__25347e444234dec9bd_orig.jpg,/content/drive/MyDrive/lora_dataset_final/dataset_lora/after/bedroom__25347e444234dec9bd_orig.jpg,bedroom,train,/home/jupyter/clean_108_WITH_LABELS/before/bedroom__25347e444234dec9bd.jpg,/home/jupyter/clean_108_WITH_LABELS/after/bedroom__25347e444234dec9bd.jpg,"sage green shiplap walls, dark wood floors, pink patterned rug, white dandelion pendant light, feminine cottagecore",Farmhouse,Traditional,high,"Sage green shiplap walls, tufted upholstered headboard, botanical prints, striped curtains, and a classic white nightstand."
8852128dbb5abc064e,https://www.thespruce.com/before-and-after-bedroom-makeovers-8671901,/content/drive/MyDrive/lora_dataset_final/dataset_lora/before/bedroom__8852128dbb5abc064e_orig.jpg,/content/drive/MyDrive/lora_dataset_final/dataset_lora/after/bedroom__8852128dbb5abc064e_orig.jpg,bedroom,train,/home/jupyter/clean_108_WITH_LABELS/before/bedroom__8852128dbb5abc064e.jpg,/home/jupyter/clean_108_WITH_LABELS/after/bedroom__8852128dbb5abc064e.jpg,"blush pink walls, green velvet headboard, patterned shag rug over carpet, brass dome sconces, modern bohemian",Bohemian,Mid-Century Modern,high,"Macrame wall hanging, Moroccan shag rug, rattan side table, brass dome sconces, and a green velvet channel-tufted headboard."
0b64e23d52dbf5e547,https://www.thespruce.com/before-and-after-bedroom-makeovers-8671901,/content/drive/MyDrive/lora_dataset_final/dataset_lora/before/bedroom__0b64e23d52dbf5e547_orig.jpg,/content/drive/MyDrive/lora_dataset_final/dataset_lora/after/bedroom__0b64e23d52dbf5e547_orig.jpg,bedroom,train,/home/jupyter/clean_108_WITH_LABELS/before/bedroom__0b64e23d52dbf5e547.jpg,/home/jupyter/clean_108_WITH_LABELS/after/bedroom__0b64e23d52dbf5e547.jpg,"warm white walls, textured wood nightstand, bouclé upholstered headboard, paper lantern pendant, ceramic table lamp, organic modern",Scandinavian,Contemporary,high,"Neutral palette, paper lantern pendant, bouclé headboard, curved light wood nightstand, minimalist line art, and organic ceramic lamp."
680f241ff29c9c9016,https://www.thespruce.com/before-and-after-bedroom-makeovers-8671901,/content/drive/MyDrive/lora_dataset_final/dataset_lora/before/bedroom__680f241ff29c9c9016_orig.jpg,/content/drive/MyDrive/lora_dataset_final/dataset_lora/after/bedroom__680f241ff29c9c9016_orig.jpg,bedroom,train,/home/jupyter/clean_108_WITH_LABELS/before/bedroom__680f241ff29c9c9016.jpg,/home/jupyter/clean_108_WITH_LABELS/after/bedroom__680f241ff29c9c9016.jpg,"pastel cloud wallpaper, white open shelving, textured lavender area rug, woven dome pendant light, whimsical bohemian",Bohemian,Contemporary,high,"Woven pendant light, tufted pom-pom rug, draped pink canopy bed, whimsical patterned wallpaper, and clean-lined white shelving."
916bab9adaa173605d,https://www.thespruce.com/before-and-after-bedroom-makeovers-8671901,/content/drive/MyDrive/lora_dataset_final/dataset_lora/before/bedroom__916bab9adaa173605d_orig.jpg,/content/drive/MyDrive/lora_dataset_final/dataset_lora/after/bedroom__916bab9adaa173605d_orig.jpg,bedroom,train,/home/jupyter/clean_108_WITH_LABELS/before/bedroom__916bab9adaa173605d.jpg,/home/jupyter/clean_108_WITH_LABELS/after/bedroom__916bab9adaa173605d.jpg,"cream walls, white drapery, light wood flooring with striped rug, white ceramic table lamps, coastal transitional",Traditional,Coastal,high,"Carved wooden nightstand, Louis XVI chair, striped blue rug, breezy white curtains, and a black metal canopy bed."
c30986b820fa996e2d,https://www.thespruce.com/living-room-transformations-11935294,/content/drive/MyDrive/lora_dataset_final/dataset_lora/before/living_room__c30986b820fa996e2d_orig.jpg,/content/drive/MyDrive/lora_dataset_final/dataset_lora/after/living_room__c30986b820fa996e2d_orig.jpg,living room,train,/home/jupyter/clean_108_WITH_LABELS/before/living_room__c30986b820fa996e2d.jpg,/home/jupyter/clean_108_WITH_LABELS/after/living_room__c30986b820fa996e2d.jpg,"bright white walls, white low-profile media console, dark wood flooring, brass accent lighting, eclectic modern",Contemporary,Mid-Century Modern,high,"Clean-lined teal sofa, mid-century leather armchairs, white shiplap fireplace, gold hardware, and a colorful patterned area rug."
13cd36f1e9066f9a3c,https://www.thespruce.com/living-room-transformations-11935294,/content/drive/MyDrive/lora_dataset_final/dataset_lora/before/living_room__13cd36f1e9066f9a3c_orig.jpg,/content/drive/MyDrive/lora_dataset_final/dataset_lora/after/living_room__13cd36f1e9066f9a3c_orig.jpg,living room,train,/home/jupyter/clean_108_WITH_LABELS/before/living_room__13cd36f1e9066f9a3c.jpg,/home/jupyter/clean_108_WITH_LABELS/after/living_room__13cd36f1e9066f9a3c.jpg,"charcoal accent wall, open wood shelving, hardwood flooring with striped area rug, brass chandelier lighting, transitional",Contemporary,Traditional,medium,"Dark accent wall, clean-lined sofa, and geometric art paired with leather club chairs, classic fireplace, and brass chandelier."
bc20d1fd1f2cc4f3dc,https://www.thespruce.com/living-room-transformations-11935294,/content/drive/MyDrive/lora_dataset_final/dataset_lora/before/living_room__bc20d1fd1f2cc4f3dc_orig.jpg,/content/drive/MyDrive/lora_dataset_final/dataset_lora/after/living_room__bc20d1fd1f2cc4f3dc_orig.jpg,living room,train,/home/jupyter/clean_108_WITH_LABELS/before/living_room__bc20d1fd1f2cc4f3dc.jpg,/home/jupyter/clean_108_WITH_LABELS/after/living_room__bc20d1fd1f2cc4f3dc.jpg,"soft beige walls, white built-in cabinets with glass shelving, warm wood flooring, recessed niche lighting, transitional",Traditional,Farmhouse,high,"Symmetrical built-ins, classic white fireplace mantel, dark leather club chairs, neutral palette, decorative wreath, and dried wheat accents."
93eefd5d4cc7f17d3c,https://www.thespruce.com/living-room-transformations-11935294,/content/drive/MyDrive/lora_dataset_final/dataset_lora/before/living_room__93eefd5d4cc7f17d3c_orig.jpg,/content/drive/MyDrive/lora_dataset_final/dataset_lora/after/living_room__93eefd5d4cc7f17d3c_orig.jpg,living room,train,/home/jupyter/clean_108_WITH_LABELS/before/living_room__93eefd5d4cc7f17d3c.jpg,/home/jupyter/clean_108_WITH_LABELS/after/living_room__93eefd5d4cc7f17d3c.jpg,"light gray walls, dark wood beams, white built-ins with wood shelves, dark wood flooring, black floor lamp, modern rustic",Farmhouse,Rustic,high,"Exposed dark wood ceiling beams, rustic wooden console with woven baskets, blanket ladder, and a chunky wood fireplace mantel."
e8e420fc154a36fc14,https://www.thespruce.com/living-room-transformations-11935294,/content/drive/MyDrive/lora_dataset_final/dataset_lora/before/living_room__e8e420fc154a36fc14_orig.jpg,/content/drive/MyDrive/lora_dataset_final/dataset_lora/after/living_room__e8e420fc154a36fc14_orig.jpg,living room,train,/home/jupyter/clean_108_WITH_LABELS/before/living_room__e8e420fc154a36fc14.jpg,/home/jupyter/clean_108_WITH_LABELS/after/living_room__e8e420fc154a36fc14.jpg,"white walls, black traditional sideboard, hardwood flooring with chevron rug, capiz shell pendant, eclectic transitional",Traditional,Contemporary,medium,"Dark wood ceiling beams, traditional wingback chair, ornate black sideboard, bold black-and-white chevron rug, and vibrant pink accents."
04d7b6b87ea31e7c1f,https://www.thespruce.com/living-room-transformations-11935294,/content/drive/MyDrive/lora_dataset_final/dataset_lora/before/living_room__04d7b6b87ea31e7c1f_orig.jpg,/content/drive/MyDrive/lora_dataset_final/dataset_lora/after/living_room__04d7b6b87ea31e7c1f_orig.jpg,living room,train,/home/jupyter/clean_108_WITH_LABELS/before/living_room__04d7b6b87ea31e7c1f.jpg,/home/jupyter/clean_108_WITH_LABELS/after/living_room__04d7b6b87ea31e7c1f.jpg,"Cream walls with wood plank accent, floating white shelves, polished concrete flooring, bright natural light, rustic modern",Farmhouse,Rustic,high,"Horizontal wood plank accent wall, wire basket, neutral upholstered sofa, geometric patterned accent chairs, and polished concrete flooring."
940f587f7da2bce55c,https://www.thespruce.com/living-room-transformations-11935294,/content/drive/MyDrive/lora_dataset_final/dataset_lora/before/living_room__940f587f7da2bce55c_orig.jpg,/content/drive/MyDrive/lora_dataset_final/dataset_lora/after/living_room__940f587f7da2bce55c_orig.jpg,living room,train,/home/jupyter/clean_108_WITH_LABELS/before/living_room__940f587f7da2bce55c.jpg,/home/jupyter/clean_108_WITH_LABELS/after/living_room__940f587f7da2bce55c.jpg,"soft greige walls, mid-century wood shelving, warm wood floors with patterned rug, brass table lamp, mid-century modern",Mid-Century Modern,Contemporary,high,"Tapered wood legs, hairpin side table, tufted sofa, organic armchair, round mirror, neutral palette, and sheepskin rug."
587afa1a897431184c,https://www.thespruce.com/living-room-transformations-11935294,/content/drive/MyDrive/lora_dataset_final/dataset_lora/before/living_room__587afa1a897431184c_orig.jpg,/content/drive/MyDrive/lora_dataset_final/dataset_lora/after/living_room__587afa1a897431184c_orig.jpg,living room,train,/home/jupyter/clean_108_WITH_LABELS/before/living_room__587afa1a897431184c.jpg,/home/jupyter/clean_108_WITH_LABELS/after/living_room__587afa1a897431184c.jpg,"Light gray walls, warm hardwood flooring with a vibrant patterned rug, teal ceramic table lamps, eclectic maximalist",Traditional,Bohemian,high,"Tufted purple velvet Chesterfield sofa, ornate gold-framed gallery wall, colorful patterned rug, and classic wood furniture."
6b42083767bc557f64,https://www.hgtv.com/shows/property-brothers-at-home/before-and-after--the-property-brothers-at-home-pictures,/content/drive/MyDrive/lora_dataset_final/dataset_lora/before/living_room__6b42083767bc557f64_orig.jpg,/content/drive/MyDrive/lora_dataset_final/dataset_lora/after/living_room__6b42083767bc557f64_orig.jpg,living room,train,/home/jupyter/clean_108_WITH_LABELS/before/living_room__6b42083767bc557f64.jpg,/home/jupyter/clean_108_WITH_LABELS/after/living_room__6b42083767bc557f64.jpg,"neutral walls with chevron accent, dark wood built-in shelving, travertine tile flooring, oversized orb crystal chandelier, dramatic transitional",Contemporary,Traditional,high,"Large glass doors, geometric chevron column, and orb chandelier mix with dark wood built-ins, striped armchairs, and travertine tile."
1c6470e1576c6fc954,https://www.thespruce.com/bedroom-decorating-ideas-8665090,/content/drive/MyDrive/lora_dataset_final/dataset_lora/before/bedroom__1c6470e1576c6fc954_orig.jpg,/content/drive/MyDrive/lora_dataset_final/dataset_lora/after/bedroom__1c6470e1576c6fc954_orig.jpg,bedroom,train,/home/jupyter/clean_108_WITH_LABELS/before/bedroom__1c6470e1576c6fc954.jpg,/home/jupyter/clean_108_WITH_LABELS/after/bedroom__1c6470e1576c6fc954.jpg,"pink chinoiserie wallpaper, light wood nightstands, patterned black and white rug, black table lamps, modern chinoiserie",Glam,Traditional,high,"Pink chinoiserie wallpaper, emerald and pink velvet pillows, leopard print accents, and a scalloped boucle wood bed frame."
699f36b468d38afa25,https://www.apartmenttherapy.com/ba-white-bedroom-makeover-built-in-bookshelves-37536883,/content/drive/MyDrive/lora_dataset_final/dataset_lora/before/bedroom__699f36b468d38afa25_orig.jpg,/content/drive/MyDrive/lora_dataset_final/dataset_lora/after/bedroom__699f36b468d38afa25_orig.jpg,bedroom,train,/home/jupyter/clean_108_WITH_LABELS/before/bedroom__699f36b468d38afa25.jpg,/home/jupyter/clean_108_WITH_LABELS/after/bedroom__699f36b468d38afa25.jpg,"cream walls, white built-in bookshelves, hardwood flooring with light rug, traditional table lamps and brass sconces, classic traditional",Traditional,Bohemian,high,"Antique books, Louis-style chair, dark wood writing desk, brass sconces, and global-patterned ottomans with relaxed linen bedding."
ff5beb14c5f82b779f,https://www.hgtv.com/shows/brother-vs-brother/brother-vs--brother--living-room-renovations-from-jonathan-and-d-pictures,/content/drive/MyDrive/lora_dataset_final/dataset_lora/before/living_room__ff5beb14c5f82b779f_orig.jpg,/content/drive/MyDrive/lora_dataset_final/dataset_lora/after/living_room__ff5beb14c5f82b779f_orig.jpg,living room,train,/home/jupyter/clean_108_WITH_LABELS/before/living_room__ff5beb14c5f82b779f.jpg,/home/jupyter/clean_108_WITH_LABELS/after/living_room__ff5beb14c5f82b779f.jpg,"cool gray walls, textured stone fireplace, dark wood flooring, modern crystal ring chandelier, transitional glam",Contemporary,Glam,high,"Crystal ring chandelier, gold geometric console table, tufted ottoman, gray walls, chevron pillows, and stacked stone fireplace."
c96ee1d792433f442d,https://www.hgtv.com/shows/brother-vs-brother/brother-vs--brother--living-room-renovations-from-jonathan-and-d-pictures,/content/drive/MyDrive/lora_dataset_final/dataset_lora/before/living_room__c96ee1d792433f442d_orig.jpg,/content/drive/MyDrive/lora_dataset_final/dataset_lora/after/living_room__c96ee1d792433f442d_orig.jpg,living room,train,/home/jupyter/clean_108_WITH_LABELS/before/living_room__c96ee1d792433f442d.jpg,/home/jupyter/clean_108_WITH_LABELS/after/living_room__c96ee1d792433f442d.jpg,"cool gray walls, white stacked stone fireplace, dark wood flooring, patterned textiles, gold accents, transitional glam",Contemporary,Glam,high,"Gray walls, geometric gold console table, tufted leather ottoman, metallic patterned pillows, and a stacked stone fireplace."
b2e27c21e115b8156e,https://www.hgtv.com/shows/brother-vs-brother/brother-vs--brother--living-room-renovations-from-jonathan-and-d-pictures,/content/drive/MyDrive/lora_dataset_final/dataset_lora/before/entryway__b2e27c21e115b8156e_orig.jpg,/content/drive/MyDrive/lora_dataset_final/dataset_lora/after/entryway__b2e27c21e115b8156e_orig.jpg,entryway,train,/home/jupyter/clean_108_WITH_LABELS/before/entryway__b2e27c21e115b8156e.jpg,/home/jupyter/clean_108_WITH_LABELS/after/entryway__b2e27c21e115b8156e.jpg,"warm greige walls, dark wood and metal cable railing, light oak flooring, warm globe pendant lighting, transitional",Contemporary,Traditional,medium,"Cable stair railing, neutral walls, and modern layout contrast with traditional nailhead-trimmed wingback chairs and turned wood legs."
5cc2b0e57117bc9f23,https://www.hgtv.com/shows/brother-vs-brother/brother-vs--brother--living-room-renovations-from-jonathan-and-d-pictures,/content/drive/MyDrive/lora_dataset_final/dataset_lora/before/living_room__5cc2b0e57117bc9f23_orig.jpg,/content/drive/MyDrive/lora_dataset_final/dataset_lora/after/living_room__5cc2b0e57117bc9f23_orig.jpg,living room,train,/home/jupyter/clean_108_WITH_LABELS/before/living_room__5cc2b0e57117bc9f23.jpg,/home/jupyter/clean_108_WITH_LABELS/after/living_room__5cc2b0e57117bc9f23.jpg,"reclaimed wood walls, stone tile fireplace, floating black shelves, light oak flooring, industrial cage pendant, rustic modern",Contemporary,Rustic,high,"Sleek large-format tiled fireplace, floating black shelves, reclaimed wood plank walls, wire cage lighting, and a wooden console table."
5f44749467b4e600f7,https://www.hgtv.com/shows/brother-vs-brother/brother-vs-brother-san-francisco-battle-of-the-master-suites-pictures,/content/drive/MyDrive/lora_dataset_final/dataset_lora_holdout/before/bedroom__5f44749467b4e600f7_orig.jpg,/content/drive/MyDrive/lora_dataset_final/dataset_lora_holdout/after/bedroom__5f44749467b4e600f7_orig.jpg,bedroom,holdout,/home/jupyter/clean_108_WITH_LABELS/before/bedroom__5f44749467b4e600f7.jpg,/home/jupyter/clean_108_WITH_LABELS/after/bedroom__5f44749467b4e600f7.jpg,"striped accent wallpaper, white walls, built-in closet organizer, medium wood flooring, recessed lighting, contemporary bohemian",Contemporary,Mid-Century Modern,high,"Horizontal striped wallpaper, upholstered bed with faux fur throw, mid-century tapered-leg bench, and geometric patterned rug."
6d1aaeaaa0be0404f5,https://www.hgtv.com/shows/brother-vs-brother/brother-vs-brother-san-francisco-battle-of-the-master-suites-pictures,/content/drive/MyDrive/lora_dataset_final/dataset_lora/before/bedroom__6d1aaeaaa0be0404f5_orig.jpg,/content/drive/MyDrive/lora_dataset_final/dataset_lora/after/bedroom__6d1aaeaaa0be0404f5_orig.jpg,bedroom,train,/home/jupyter/clean_108_WITH_LABELS/before/bedroom__6d1aaeaaa0be0404f5.jpg,/home/jupyter/clean_108_WITH_LABELS/after/bedroom__6d1aaeaaa0be0404f5.jpg,"striped accent wall, walnut nightstand, oak flooring with patterned rug, drum flush mount and modern lamps, modern bohemian",Contemporary,Mid-Century Modern,high,"Tapered-leg bench, organic-shaped armchair, walnut nightstand, geometric patterned rug, striped accent wall, and neutral textured bedding."
e80883dfda6c1bc7fe,https://www.hgtv.com/shows/brother-vs-brother/grand-guest-room-suites-pictures,/content/drive/MyDrive/lora_dataset_final/dataset_lora/before/bathroom__e80883dfda6c1bc7fe_orig.jpg,/content/drive/MyDrive/lora_dataset_final/dataset_lora/after/bathroom__e80883dfda6c1bc7fe_orig.jpg,bathroom,train,/home/jupyter/clean_108_WITH_LABELS/before/bathroom__e80883dfda6c1bc7fe.jpg,/home/jupyter/clean_108_WITH_LABELS/after/bathroom__e80883dfda6c1bc7fe.jpg,"crisp white walls, white shaker vanity, patterned grey cement tile flooring, bright natural light, transitional chic",Traditional,Contemporary,high,"White shaker cabinets, arched window, patterned floor tiles, round gold mirror, and a bright white color palette."
3c5d07e3fc8e30b17b,https://www.hgtv.com/shows/brother-vs-brother/grand-guest-room-suites-pictures,/content/drive/MyDrive/lora_dataset_final/dataset_lora/before/living_room__3c5d07e3fc8e30b17b_orig.jpg,/content/drive/MyDrive/lora_dataset_final/dataset_lora/after/living_room__3c5d07e3fc8e30b17b_orig.jpg,living room,train,/home/jupyter/clean_108_WITH_LABELS/before/living_room__3c5d07e3fc8e30b17b.jpg,/home/jupyter/clean_108_WITH_LABELS/after/living_room__3c5d07e3fc8e30b17b.jpg,"patterned wallpaper with dark blue trim, light wood floors with a jute rug, recessed ceiling lights, modern traditional",Traditional,Farmhouse,high,"Spindle-legged striped upholstery, jute rug, woven shades, and dark blue trim combine classic structure with rustic warmth."
2d8e1a67156fad18bd,https://www.hgtv.com/shows/brother-vs-brother/grand-guest-room-suites-pictures,/content/drive/MyDrive/lora_dataset_final/dataset_lora/before/bedroom__2d8e1a67156fad18bd_orig.jpg,/content/drive/MyDrive/lora_dataset_final/dataset_lora/after/bedroom__2d8e1a67156fad18bd_orig.jpg,bedroom,train,/home/jupyter/clean_108_WITH_LABELS/before/bedroom__2d8e1a67156fad18bd.jpg,/home/jupyter/clean_108_WITH_LABELS/after/bedroom__2d8e1a67156fad18bd.jpg,"cream walls, dark blue trim, chevron ceiling, deep blue built-in wardrobes with brass hardware, light oak flooring, modern transitional",Contemporary,Traditional,high,"Deep blue shaker cabinets, gothic arch windows, brass T-bar hardware, chevron ceiling pattern, light oak floors, and woven baskets."
d6ce1f69256fe0bd03,https://www.hgtv.com/shows/brother-vs-brother/grand-guest-room-suites-pictures,/content/drive/MyDrive/lora_dataset_final/dataset_lora/before/bedroom__d6ce1f69256fe0bd03_orig.jpg,/content/drive/MyDrive/lora_dataset_final/dataset_lora/after/bedroom__d6ce1f69256fe0bd03_orig.jpg,bedroom,train,/home/jupyter/clean_108_WITH_LABELS/before/bedroom__d6ce1f69256fe0bd03.jpg,/home/jupyter/clean_108_WITH_LABELS/after/bedroom__d6ce1f69256fe0bd03.jpg,"white walls with chevron ceiling, blue built-in dresser with brass hardware, light oak flooring, recessed lighting, modern eclectic",Contemporary,Traditional,medium,"Bold chevron ceiling, slate blue shaker cabinets with brass hardware, arched window trim, vintage clock, and phrenology busts."
8c6ee8cdf602b77452,https://www.hgtv.com/shows/brother-vs-brother/grand-guest-room-suites-pictures,/content/drive/MyDrive/lora_dataset_final/dataset_lora/before/bathroom__8c6ee8cdf602b77452_orig.jpg,/content/drive/MyDrive/lora_dataset_final/dataset_lora/after/bathroom__8c6ee8cdf602b77452_orig.jpg,bathroom,train,/home/jupyter/clean_108_WITH_LABELS/before/bathroom__8c6ee8cdf602b77452.jpg,/home/jupyter/clean_108_WITH_LABELS/after/bathroom__8c6ee8cdf602b77452.jpg,"light gray walls, gray vanity with marble top, basketweave tile flooring, brass wall sconces, transitional",Contemporary,Traditional,high,"Gray shaker vanity, marble countertop, herringbone shower tile, brass sconces, black oval mirror, and chrome fixtures."
f046b472a0ff15ea16,https://www.hgtv.com/shows/brother-vs-brother/grand-guest-room-suites-pictures,/content/drive/MyDrive/lora_dataset_final/dataset_lora/before/bathroom__f046b472a0ff15ea16_orig.jpg,/content/drive/MyDrive/lora_dataset_final/dataset_lora/after/bathroom__f046b472a0ff15ea16_orig.jpg,bathroom,train,/home/jupyter/clean_108_WITH_LABELS/before/bathroom__f046b472a0ff15ea16.jpg,/home/jupyter/clean_108_WITH_LABELS/after/bathroom__f046b472a0ff15ea16.jpg,"soft gray walls, slate gray vanity with marble top, marble basketweave tile flooring, brass sconces, transitional",Traditional,Contemporary,high,"Shaker-style grey vanity, marble basketweave floor tile, brass shaded sconces, oval black-framed mirror, and cool grey palette."
39df78bdf3c99d8b73,https://www.hgtv.com/shows/brother-vs-brother/hollywood-classic-luxury-living-rooms-pictures,/content/drive/MyDrive/lora_dataset_final/dataset_lora_holdout/before/living_room__39df78bdf3c99d8b73_orig.jpg,/content/drive/MyDrive/lora_dataset_final/dataset_lora_holdout/after/living_room__39df78bdf3c99d8b73_orig.jpg,living room,holdout,/home/jupyter/clean_108_WITH_LABELS/before/living_room__39df78bdf3c99d8b73.jpg,/home/jupyter/clean_108_WITH_LABELS/after/living_room__39df78bdf3c99d8b73.jpg,"Gray grasscloth walls, dark wood coffered ceiling, light oak flooring, blue patterned rug, recessed lighting, transitional",Traditional,Contemporary,high,"Coffered wood ceiling, grasscloth wallpaper, striped armchairs, distressed blue rug, arched doorways, and a contemporary tufted daybed."
7ad0cf7c5c3585abc2,https://www.hgtv.com/shows/brother-vs-brother/hollywood-classic-luxury-living-rooms-pictures,/content/drive/MyDrive/lora_dataset_final/dataset_lora_holdout/before/living_room__7ad0cf7c5c3585abc2_orig.jpg,/content/drive/MyDrive/lora_dataset_final/dataset_lora_holdout/after/living_room__7ad0cf7c5c3585abc2_orig.jpg,living room,holdout,/home/jupyter/clean_108_WITH_LABELS/before/living_room__7ad0cf7c5c3585abc2.jpg,/home/jupyter/clean_108_WITH_LABELS/after/living_room__7ad0cf7c5c3585abc2.jpg,"grey grasscloth walls, black fireplace mantel, light oak flooring with blue rug, brass floor lamp, sophisticated transitional",Traditional,Contemporary,high,"Dark coffered wood ceiling, grasscloth wallpaper, striped armchairs, distressed blue rug, and a sleek black contemporary fireplace."
48c1df4abc5e063f3b,https://www.hgtv.com/shows/brother-vs-brother/hollywood-classic-luxury-living-rooms-pictures,/content/drive/MyDrive/lora_dataset_final/dataset_lora/before/living_room__48c1df4abc5e063f3b_orig.jpg,/content/drive/MyDrive/lora_dataset_final/dataset_lora/after/living_room__48c1df4abc5e063f3b_orig.jpg,living room,train,/home/jupyter/clean_108_WITH_LABELS/before/living_room__48c1df4abc5e063f3b.jpg,/home/jupyter/clean_108_WITH_LABELS/after/living_room__48c1df4abc5e063f3b.jpg,"crisp white walls, arched oak display cabinet, light oak flooring, minimalist black sconces, modern traditional",Contemporary,Traditional,high,"Neutral palette, black-framed windows, and clean fireplace paired with a tufted sofa, striped armchairs, and arched wooden cabinet."
e21f1bafadc124b825,https://www.hgtv.com/shows/brother-vs-brother/hollywood-classic-luxury-living-rooms-pictures,/content/drive/MyDrive/lora_dataset_final/dataset_lora/before/living_room__e21f1bafadc124b825_orig.jpg,/content/drive/MyDrive/lora_dataset_final/dataset_lora/after/living_room__e21f1bafadc124b825_orig.jpg,living room,train,/home/jupyter/clean_108_WITH_LABELS/before/living_room__e21f1bafadc124b825.jpg,/home/jupyter/clean_108_WITH_LABELS/after/living_room__e21f1bafadc124b825.jpg,"crisp white walls, black-framed windows, light oak flooring, textured cream rug, brass statement lighting, modern traditional",Contemporary,Traditional,high,"Curved white sofa, glass coffee table, striped armchairs with turned legs, black-framed windows, neutral palette, and arched doorways."
e3b0007d4912caaf04,https://www.hgtv.com/shows/brother-vs-brother/hollywood-classic-luxury-living-rooms-pictures,/content/drive/MyDrive/lora_dataset_final/dataset_lora/before/living_room__e3b0007d4912caaf04_orig.jpg,/content/drive/MyDrive/lora_dataset_final/dataset_lora/after/living_room__e3b0007d4912caaf04_orig.jpg,living room,train,/home/jupyter/clean_108_WITH_LABELS/before/living_room__e3b0007d4912caaf04.jpg,/home/jupyter/clean_108_WITH_LABELS/after/living_room__e3b0007d4912caaf04.jpg,"Crisp white walls, light oak flooring, textured cream rug, recessed lighting and black sconces, California casual",Traditional,Contemporary,high,"Striped rolled-arm armchairs, ornate mirror, and arched doorway meet a minimalist fireplace, glass coffee table, and neutral palette."
fa09eaa0b82b8a58c6,https://www.hgtv.com/shows/brother-vs-brother/hollywood-classic-luxury-living-rooms-pictures,/content/drive/MyDrive/lora_dataset_final/dataset_lora/before/entryway__fa09eaa0b82b8a58c6_orig.jpg,/content/drive/MyDrive/lora_dataset_final/dataset_lora/after/entryway__fa09eaa0b82b8a58c6_orig.jpg,entryway,train,/home/jupyter/clean_108_WITH_LABELS/before/entryway__fa09eaa0b82b8a58c6.jpg,/home/jupyter/clean_108_WITH_LABELS/after/entryway__fa09eaa0b82b8a58c6.jpg,"white walls, dark wood coffered ceiling, black fireplace mantel, light oak herringbone flooring, transitional",Traditional,Contemporary,high,"Coffered wood ceiling, herringbone flooring, arched black door, traditional striped armchair, contemporary fireplace, and textured wallpaper."
10f922a312ab68ddcc,https://www.hgtv.com/shows/brother-vs-brother/hollywood-classic-luxury-living-rooms-pictures,/content/drive/MyDrive/lora_dataset_final/dataset_lora/before/living_room__10f922a312ab68ddcc_orig.jpg,/content/drive/MyDrive/lora_dataset_final/dataset_lora/after/living_room__10f922a312ab68ddcc_orig.jpg,living room,train,/home/jupyter/clean_108_WITH_LABELS/before/living_room__10f922a312ab68ddcc.jpg,/home/jupyter/clean_108_WITH_LABELS/after/living_room__10f922a312ab68ddcc.jpg,"gray grasscloth walls, light oak paneling, light oak flooring, industrial black floor lamp, moody transitional",Traditional,Contemporary,high,"Coffered wood ceiling, arched staircase, and striped slipper chairs meet a sleek black fireplace, tufted daybed, and grasscloth walls."
16009aeefa7993aca7,https://www.hgtv.com/shows/brother-vs-brother/jonathan-scotts-galveston-beach-house-makeover-pictures,/content/drive/MyDrive/lora_dataset_final/dataset_lora/before/bedroom__16009aeefa7993aca7_orig.jpg,/content/drive/MyDrive/lora_dataset_final/dataset_lora/after/bedroom__16009aeefa7993aca7_orig.jpg,bedroom,train,/home/jupyter/clean_108_WITH_LABELS/before/bedroom__16009aeefa7993aca7.jpg,/home/jupyter/clean_108_WITH_LABELS/after/bedroom__16009aeefa7993aca7.jpg,"light gray walls with soft yellow ceiling, dark wood flooring, gold geometric pendant lighting, contemporary mid-century modern",Contemporary,Mid-Century Modern,high,"Upholstered platform bed, geometric gold pendant, tapered-leg accent chair, abstract art, bold striped rug, and mustard yellow accents."
bd98af46d2f2e69f13,https://www.hgtv.com/shows/brother-vs-brother/jonathan-scotts-galveston-beach-house-makeover-pictures,/content/drive/MyDrive/lora_dataset_final/dataset_lora/before/bathroom__bd98af46d2f2e69f13_orig.jpg,/content/drive/MyDrive/lora_dataset_final/dataset_lora/after/bathroom__bd98af46d2f2e69f13_orig.jpg,bathroom,train,/home/jupyter/clean_108_WITH_LABELS/before/bathroom__bd98af46d2f2e69f13.jpg,/home/jupyter/clean_108_WITH_LABELS/after/bathroom__bd98af46d2f2e69f13.jpg,"wood plank accent wall, charcoal double vanity with marble top, gray tile flooring, black industrial sconces, modern rustic",Contemporary,Rustic,high,"Wood plank accent wall, marble vanity countertop, clean-lined dark gray cabinetry, industrial black sconces, and large gray floor tiles."
e8f663964495bce574,https://www.hgtv.com/shows/celebrity-iou/leslie-jordan-celebrity-iou-renovation-pictures-pictures,/content/drive/MyDrive/lora_dataset_final/dataset_lora/before/kitchen__e8f663964495bce574_orig.jpg,/content/drive/MyDrive/lora_dataset_final/dataset_lora/after/kitchen__e8f663964495bce574_orig.jpg,kitchen,train,/home/jupyter/clean_108_WITH_LABELS/before/kitchen__e8f663964495bce574.jpg,/home/jupyter/clean_108_WITH_LABELS/after/kitchen__e8f663964495bce574.jpg,"Warm white walls with marble-look backsplash, gray-washed shaker cabinetry, medium oak flooring, recessed lighting, transitional",Traditional,Contemporary,high,"Stained shaker cabinets, warm wood floors, and marble-look quartz backsplash paired with sleek stainless steel appliances and minimalist black hardware."
d0d80a340a4d7e5dd1,https://www.hgtv.com/shows/property-brothers-at-home-drews-honeymoon-house/drew-and-lindas-living-room-luxury-pictures,/content/drive/MyDrive/lora_dataset_final/dataset_lora/before/living_room__d0d80a340a4d7e5dd1_orig.jpg,/content/drive/MyDrive/lora_dataset_final/dataset_lora/after/living_room__d0d80a340a4d7e5dd1_orig.jpg,living room,train,/home/jupyter/clean_108_WITH_LABELS/before/living_room__d0d80a340a4d7e5dd1.jpg,/home/jupyter/clean_108_WITH_LABELS/after/living_room__d0d80a340a4d7e5dd1.jpg,"soft gray walls, marble fireplace surround, dark herringbone wood flooring, recessed lighting and brass sconces, modern transitional",Contemporary,Glam,high,"Velvet upholstery, gold-finished metal frames, sculptural table lamps, herringbone wood floors, and a marble fireplace."
1ce00f07811e8d4b5c,https://www.hgtv.com/shows/property-brothers-at-home-drews-honeymoon-house/drew-and-lindas-living-room-luxury-pictures,/content/drive/MyDrive/lora_dataset_final/dataset_lora/before/living_room__1ce00f07811e8d4b5c_orig.jpg,/content/drive/MyDrive/lora_dataset_final/dataset_lora/after/living_room__1ce00f07811e8d4b5c_orig.jpg,living room,train,/home/jupyter/clean_108_WITH_LABELS/before/living_room__1ce00f07811e8d4b5c.jpg,/home/jupyter/clean_108_WITH_LABELS/after/living_room__1ce00f07811e8d4b5c.jpg,"light gray walls, dark herringbone wood flooring, brass wall sconces and recessed lighting, transitional chic",Contemporary,Traditional,high,"Herringbone wood floors and crown molding meet sleek gold-framed green velvet chairs, a geometric rug, and modern brass fixtures."
0ac9e10de57dbcb1ed,https://www.hgtv.com/shows/property-brothers-at-home-drews-honeymoon-house/drew-and-lindas-living-room-luxury-pictures,/content/drive/MyDrive/lora_dataset_final/dataset_lora/before/living_room__0ac9e10de57dbcb1ed_orig.jpg,/content/drive/MyDrive/lora_dataset_final/dataset_lora/after/living_room__0ac9e10de57dbcb1ed_orig.jpg,living room,train,/home/jupyter/clean_108_WITH_LABELS/before/living_room__0ac9e10de57dbcb1ed.jpg,/home/jupyter/clean_108_WITH_LABELS/after/living_room__0ac9e10de57dbcb1ed.jpg,"deep teal paneled walls, built-in window seat, dark herringbone wood flooring, brass wall sconces, traditional study",Traditional,Contemporary,high,"Dark paneled walls, tufted leather wingback chair, rich wood desk, brass accents, and velvet side chairs."
3bf5b071505e5f461c,https://www.hgtv.com/shows/property-brothers-at-home/before-and-after--the-property-brothers-at-home-pictures,/content/drive/MyDrive/lora_dataset_final/dataset_lora/before/bedroom__3bf5b071505e5f461c_orig.jpg,/content/drive/MyDrive/lora_dataset_final/dataset_lora/after/bedroom__3bf5b071505e5f461c_orig.jpg,bedroom,train,/home/jupyter/clean_108_WITH_LABELS/before/bedroom__3bf5b071505e5f461c.jpg,/home/jupyter/clean_108_WITH_LABELS/after/bedroom__3bf5b071505e5f461c.jpg,"warm taupe walls, neutral upholstered furnishings, textured beige area rug, cascading crystal chandelier, transitional glam",Glam,Traditional,high,"Crystal bubble chandelier, tufted leather bench, ornate floor mirror, satin bedding, and a warm neutral taupe palette."
556fd83103f6465b28,https://www.hgtv.com/shows/property-brothers-at-home/before-and-after--the-property-brothers-at-home-pictures,/content/drive/MyDrive/lora_dataset_final/dataset_lora/before/bathroom__556fd83103f6465b28_orig.jpg,/content/drive/MyDrive/lora_dataset_final/dataset_lora/after/bathroom__556fd83103f6465b28_orig.jpg,bathroom,train,/home/jupyter/clean_108_WITH_LABELS/before/bathroom__556fd83103f6465b28.jpg,/home/jupyter/clean_108_WITH_LABELS/after/bathroom__556fd83103f6465b28.jpg,"soft greige walls, warm wood vanities, polished beige travertine flooring, crystal drum chandelier lighting, transitional style",Traditional,Glam,high,"Beige marble tile, curved tub deck, plantation shutters, dark wood vanity, and a crystal drum chandelier."
a1010aae5625a40323,https://www.hgtv.com/shows/property-brothers-at-home/before-and-after--the-property-brothers-at-home-pictures,/content/drive/MyDrive/lora_dataset_final/dataset_lora/before/bedroom__a1010aae5625a40323_orig.jpg,/content/drive/MyDrive/lora_dataset_final/dataset_lora/after/bedroom__a1010aae5625a40323_orig.jpg,bedroom,train,/home/jupyter/clean_108_WITH_LABELS/before/bedroom__a1010aae5625a40323.jpg,/home/jupyter/clean_108_WITH_LABELS/after/bedroom__a1010aae5625a40323.jpg,"soft greige walls, navy nightstands with gold hardware, travertine tile with patterned area rug, metallic table lamps, transitional",Contemporary,Traditional,high,"Symmetrical layout, script-patterned headboard, striped bench, abstract triptych art, lacquered nightstands with gold hardware, and textured metallic lamps."
15ce8c5e355603038d,https://www.hgtv.com/shows/property-brothers-at-home/before-and-after--the-property-brothers-at-home-pictures,/content/drive/MyDrive/lora_dataset_final/dataset_lora/before/bedroom__15ce8c5e355603038d_orig.jpg,/content/drive/MyDrive/lora_dataset_final/dataset_lora/after/bedroom__15ce8c5e355603038d_orig.jpg,bedroom,train,/home/jupyter/clean_108_WITH_LABELS/before/bedroom__15ce8c5e355603038d.jpg,/home/jupyter/clean_108_WITH_LABELS/after/bedroom__15ce8c5e355603038d.jpg,"soft greige walls, weathered gray dresser, light travertine tile flooring, textured gray bedding, contemporary transitional",Contemporary,Modern,medium,"Sleek gray dresser with clean lines, neutral color palette, herringbone bedding, and a large textured dark-framed mirror."
325b020453779e053d,https://www.hgtv.com/shows/property-brothers-at-home/before-and-after--the-property-brothers-at-home-pictures,/content/drive/MyDrive/lora_dataset_final/dataset_lora/before/bathroom__325b020453779e053d_orig.jpg,/content/drive/MyDrive/lora_dataset_final/dataset_lora/after/bathroom__325b020453779e053d_orig.jpg,bathroom,train,/home/jupyter/clean_108_WITH_LABELS/before/bathroom__325b020453779e053d.jpg,/home/jupyter/clean_108_WITH_LABELS/after/bathroom__325b020453779e053d.jpg,"green-gray penny tile walls, weathered oak vanity with marble counter, light stone flooring, polished nickel lighting, transitional",Contemporary,Traditional,high,"Shaker-style vanity, marble countertop, ornate beaded mirror, classic chrome faucets, and frameless glass shower."
d6c13ef20503b10357,https://www.hgtv.com/shows/property-brothers-at-home/before-and-after--the-property-brothers-at-home-pictures,/content/drive/MyDrive/lora_dataset_final/dataset_lora/before/dining_room__d6c13ef20503b10357_orig.jpg,/content/drive/MyDrive/lora_dataset_final/dataset_lora/after/dining_room__d6c13ef20503b10357_orig.jpg,dining room,train,/home/jupyter/clean_108_WITH_LABELS/before/dining_room__d6c13ef20503b10357.jpg,/home/jupyter/clean_108_WITH_LABELS/after/dining_room__d6c13ef20503b10357.jpg,"cool gray walls, dark wood cabinetry, polished stone tile flooring, oversized crystal orb chandelier, transitional",Traditional,Contemporary,high,"Ornate wrought-iron staircase, dark wood cabinetry, crystal orb chandelier, large grey sectional, and metallic glass coffee table."
a995d48c5229d692aa,https://www.hgtv.com/shows/property-brothers-at-home/before-and-after--the-property-brothers-at-home-pictures,/content/drive/MyDrive/lora_dataset_final/dataset_lora/before/kitchen__a995d48c5229d692aa_orig.jpg,/content/drive/MyDrive/lora_dataset_final/dataset_lora/after/kitchen__a995d48c5229d692aa_orig.jpg,kitchen,train,/home/jupyter/clean_108_WITH_LABELS/before/kitchen__a995d48c5229d692aa.jpg,/home/jupyter/clean_108_WITH_LABELS/after/kitchen__a995d48c5229d692aa.jpg,"warm greige walls, dark wood built-in shelving with geometric fretwork, travertine tile flooring, orb crystal chandelier, transitional luxury",Traditional,Contemporary,medium,"Dark wood built-ins, granite countertops, crystal orb chandelier, striped armchairs, and large folding glass doors."
1aa6f696a929aa8f28,https://www.hgtv.com/shows/property-brothers-at-home/before-and-after--the-property-brothers-at-home-pictures,/content/drive/MyDrive/lora_dataset_final/dataset_lora/before/dining_room__1aa6f696a929aa8f28_orig.jpg,/content/drive/MyDrive/lora_dataset_final/dataset_lora/after/dining_room__1aa6f696a929aa8f28_orig.jpg,dining room,train,/home/jupyter/clean_108_WITH_LABELS/before/dining_room__1aa6f696a929aa8f28.jpg,/home/jupyter/clean_108_WITH_LABELS/after/dining_room__1aa6f696a929aa8f28.jpg,"light gray walls, dark wood cabinetry, granite countertops, travertine tile flooring, lantern pendant light, transitional",Traditional,Contemporary,high,"Dark wood cabinetry with crown molding, granite countertops, wrought iron railings, nailhead-trimmed leather stools, and stainless steel appliances."
2b1d695a82f6d307a1,https://www.hgtv.com/shows/property-brothers-at-home/before-and-after--the-property-brothers-at-home-pictures,/content/drive/MyDrive/lora_dataset_final/dataset_lora/before/living_room__2b1d695a82f6d307a1_orig.jpg,/content/drive/MyDrive/lora_dataset_final/dataset_lora/after/living_room__2b1d695a82f6d307a1_orig.jpg,living room,train,/home/jupyter/clean_108_WITH_LABELS/before/living_room__2b1d695a82f6d307a1.jpg,/home/jupyter/clean_108_WITH_LABELS/after/living_room__2b1d695a82f6d307a1.jpg,"warm greige walls, gray and mustard yellow textiles, patterned neutral area rug, recessed ceiling lights, contemporary transitional",Contemporary,Traditional,high,"Plush grey sectional, chrome and glass coffee table, wrought iron staircase railing, warm beige walls, and dark wood pillars."
657bdc998f79d35cf5,https://www.hgtv.com/shows/property-brothers-at-home/before-and-after--the-property-brothers-at-home-pictures,/content/drive/MyDrive/lora_dataset_final/dataset_lora/before/living_room__657bdc998f79d35cf5_orig.jpg,/content/drive/MyDrive/lora_dataset_final/dataset_lora/after/living_room__657bdc998f79d35cf5_orig.jpg,living room,train,/home/jupyter/clean_108_WITH_LABELS/before/living_room__657bdc998f79d35cf5.jpg,/home/jupyter/clean_108_WITH_LABELS/after/living_room__657bdc998f79d35cf5.jpg,"cool gray walls, dark wood built-in media shelving, polished travertine tile flooring, large orb chandelier, transitional",Traditional,Contemporary,high,"Polished stone flooring, wrought iron staircase, dark wood built-ins, blue sectional, and a crystal orb chandelier."
8857847d510f6c7ab1,https://www.hgtv.com/shows/property-brothers-at-home/before-and-after--the-property-brothers-at-home-pictures,/content/drive/MyDrive/lora_dataset_final/dataset_lora/before/game_room__8857847d510f6c7ab1_orig.jpg,/content/drive/MyDrive/lora_dataset_final/dataset_lora/after/game_room__8857847d510f6c7ab1_orig.jpg,game room,train,/home/jupyter/clean_108_WITH_LABELS/before/game_room__8857847d510f6c7ab1.jpg,/home/jupyter/clean_108_WITH_LABELS/after/game_room__8857847d510f6c7ab1.jpg,"warm greige walls, dark hand-scraped wood flooring, patterned orange area rug, modern track pendant lighting, transitional game room",Traditional,Contemporary,high,"Ornate wrought iron railings, dark wood flooring, classic pool table, neutral sofa, and modern track lighting fixtures."
fde132b90d574b8a44,https://www.hgtv.com/shows/property-brothers-at-home/before-and-after--the-property-brothers-at-home-pictures,/content/drive/MyDrive/lora_dataset_final/dataset_lora/before/game_room__fde132b90d574b8a44_orig.jpg,/content/drive/MyDrive/lora_dataset_final/dataset_lora/after/game_room__fde132b90d574b8a44_orig.jpg,game room,train,/home/jupyter/clean_108_WITH_LABELS/before/game_room__fde132b90d574b8a44.jpg,/home/jupyter/clean_108_WITH_LABELS/after/game_room__fde132b90d574b8a44.jpg,"Warm gray walls, dark wood pool table, dark wood flooring, industrial linear pendant lighting, transitional game room",Traditional,Industrial,medium,"Dark wood flooring, plantation shutters, traditional pool table, paired with industrial linear pendant lights and a metal letter sign."
a3d50f1aa324ab2046,https://www.hgtv.com/shows/property-brothers/jonathan-and-drew-scotts-50-most-dramatic-transformations-pictures,/content/drive/MyDrive/lora_dataset_final/dataset_lora/before/dining_room__a3d50f1aa324ab2046_orig.jpg,/content/drive/MyDrive/lora_dataset_final/dataset_lora/after/dining_room__a3d50f1aa324ab2046_orig.jpg,dining room,train,/home/jupyter/clean_108_WITH_LABELS/before/dining_room__a3d50f1aa324ab2046.jpg,/home/jupyter/clean_108_WITH_LABELS/after/dining_room__a3d50f1aa324ab2046.jpg,"teal blue walls, silver satin drapery, beige carpeting, cascading glass teardrop pendant light, contemporary",Contemporary,Modern,medium,"Teal walls, geometric metal-framed table, glass teardrop pendant light, velvet upholstered chairs, and open metal shelving."
5c0e77457756290179,https://www.hgtv.com/shows/property-brothers/jonathan-and-drew-scotts-50-most-dramatic-transformations-pictures,/content/drive/MyDrive/lora_dataset_final/dataset_lora_holdout/before/bedroom__5c0e77457756290179_orig.jpg,/content/drive/MyDrive/lora_dataset_final/dataset_lora_holdout/after/bedroom__5c0e77457756290179_orig.jpg,bedroom,holdout,/home/jupyter/clean_108_WITH_LABELS/before/bedroom__5c0e77457756290179.jpg,/home/jupyter/clean_108_WITH_LABELS/after/bedroom__5c0e77457756290179.jpg,"warm gray walls, weathered metal open shelving, dark wood flooring, warm table lamp lighting, transitional",Traditional,Contemporary,high,"Warm neutral palette, plantation shutters, wingback chairs, dark wood floors, and a clean-lined metal shelving unit."
bac889508b872dd53c,https://www.hgtv.com/shows/property-brothers/jonathan-and-drew-scotts-50-most-dramatic-transformations-pictures,/content/drive/MyDrive/lora_dataset_final/dataset_lora_holdout/before/kitchen__bac889508b872dd53c_orig.jpg,/content/drive/MyDrive/lora_dataset_final/dataset_lora_holdout/after/kitchen__bac889508b872dd53c_orig.jpg,kitchen,holdout,/home/jupyter/clean_108_WITH_LABELS/before/kitchen__bac889508b872dd53c.jpg,/home/jupyter/clean_108_WITH_LABELS/after/kitchen__bac889508b872dd53c.jpg,"light gray walls, white beadboard, white glass-front shaker cabinetry, dark wood flooring, recessed lighting, modern cottage",Farmhouse,Traditional,high,"White shaker cabinets, beadboard backsplash, textured tile countertops, glass-front uppers, and woven baskets in the pass-through."
4443ccf802ba2c73b3,https://www.hgtv.com/shows/property-brothers/jonathan-and-drew-scotts-50-most-dramatic-transformations-pictures,/content/drive/MyDrive/lora_dataset_final/dataset_lora/before/bedroom__4443ccf802ba2c73b3_orig.jpg,/content/drive/MyDrive/lora_dataset_final/dataset_lora/after/bedroom__4443ccf802ba2c73b3_orig.jpg,bedroom,train,/home/jupyter/clean_108_WITH_LABELS/before/bedroom__4443ccf802ba2c73b3.jpg,/home/jupyter/clean_108_WITH_LABELS/after/bedroom__4443ccf802ba2c73b3.jpg,"warm taupe walls, dark wood furniture, brown tile flooring with patterned rug, warm bedside lamps, eclectic transitional",Traditional,Bohemian,medium,"Dark wood furniture, symmetrical layout, sunburst mirror, paired with colorful patterned pillows, textured woven throw, and earthy tile flooring."
8be66e716ba7b0dca6,https://www.hgtv.com/shows/property-brothers/jonathan-and-drew-scotts-50-most-dramatic-transformations-pictures,/content/drive/MyDrive/lora_dataset_final/dataset_lora_holdout/before/living_room__8be66e716ba7b0dca6_orig.jpg,/content/drive/MyDrive/lora_dataset_final/dataset_lora_holdout/after/living_room__8be66e716ba7b0dca6_orig.jpg,living room,holdout,/home/jupyter/clean_108_WITH_LABELS/before/living_room__8be66e716ba7b0dca6.jpg,/home/jupyter/clean_108_WITH_LABELS/after/living_room__8be66e716ba7b0dca6.jpg,"Cool gray walls, white stone fireplace, dark hardwood flooring, plush patterned rug, contemporary transitional",Contemporary,Glam,high,"Cool gray walls, tufted leather ottoman, gold geometric console table, metallic starburst decor, and a stacked stone fireplace."
b2d63126c83a53ff2c,https://www.hgtv.com/shows/property-brothers/jonathan-and-drew-scotts-50-most-dramatic-transformations-pictures,/content/drive/MyDrive/lora_dataset_final/dataset_lora/before/living_room__b2d63126c83a53ff2c_orig.jpg,/content/drive/MyDrive/lora_dataset_final/dataset_lora/after/living_room__b2d63126c83a53ff2c_orig.jpg,living room,train,/home/jupyter/clean_108_WITH_LABELS/before/living_room__b2d63126c83a53ff2c.jpg,/home/jupyter/clean_108_WITH_LABELS/after/living_room__b2d63126c83a53ff2c.jpg,"slate blue walls, cream drapery, coral accents, dark wood flooring, zebra-print rug, rectangular table lamp, transitional",Contemporary,Traditional,medium,"Nailhead trim armchairs, zebra print rug, slate blue walls, black-framed sliding doors, gold side table, and coral accent pillows."
d9ebe4b249fb7069b5,https://www.hgtv.com/shows/property-brothers/jonathan-and-drew-scotts-50-most-dramatic-transformations-pictures,/content/drive/MyDrive/lora_dataset_final/dataset_lora/before/bedroom__d9ebe4b249fb7069b5_orig.jpg,/content/drive/MyDrive/lora_dataset_final/dataset_lora/after/bedroom__d9ebe4b249fb7069b5_orig.jpg,bedroom,train,/home/jupyter/clean_108_WITH_LABELS/before/bedroom__d9ebe4b249fb7069b5.jpg,/home/jupyter/clean_108_WITH_LABELS/after/bedroom__d9ebe4b249fb7069b5.jpg,"pale greige walls, black and white patterned bedding, dark wood flooring, metallic table lamps, modern glam",Glam,Contemporary,high,"Tufted nailhead headboard, metallic cabriole-leg side table, high-contrast black and white bedding, purple velvet pillow, and dark wood flooring."
aa5c1538a0ed960645,https://www.hgtv.com/shows/property-brothers/jonathan-and-drew-scotts-50-most-dramatic-transformations-pictures,/content/drive/MyDrive/lora_dataset_final/dataset_lora/before/bedroom__aa5c1538a0ed960645_orig.jpg,/content/drive/MyDrive/lora_dataset_final/dataset_lora/after/bedroom__aa5c1538a0ed960645_orig.jpg,bedroom,train,/home/jupyter/clean_108_WITH_LABELS/before/bedroom__aa5c1538a0ed960645.jpg,/home/jupyter/clean_108_WITH_LABELS/after/bedroom__aa5c1538a0ed960645.jpg,"bright white walls with colorful accents, frosted glass wardrobe, light oak flooring, recessed lighting, contemporary eclectic",Contemporary,Scandinavian,high,"Light wood floors, white walls, frosted glass wardrobe, laser-cut geometric screen, and vibrant patterned textiles in teal and coral."
919db21b37039f60ec,https://www.hgtv.com/shows/property-brothers/jonathan-and-drew-scotts-50-most-dramatic-transformations-pictures,/content/drive/MyDrive/lora_dataset_final/dataset_lora/before/living_room__919db21b37039f60ec_orig.jpg,/content/drive/MyDrive/lora_dataset_final/dataset_lora/after/living_room__919db21b37039f60ec_orig.jpg,living room,train,/home/jupyter/clean_108_WITH_LABELS/before/living_room__919db21b37039f60ec.jpg,/home/jupyter/clean_108_WITH_LABELS/after/living_room__919db21b37039f60ec.jpg,"pale sage green walls, beige carpeting with a patterned gray area rug, classic metal chandelier, transitional",Contemporary,Traditional,medium,"Grey and yellow palette, clean-lined sofa, nailhead trim accent chair, classic chandelier, and industrial metal coffee table."
b56df95a46101226ba,https://www.hgtv.com/shows/property-brothers/jonathan-and-drew-scotts-50-most-dramatic-transformations-pictures,/content/drive/MyDrive/lora_dataset_final/dataset_lora/before/living_room__b56df95a46101226ba_orig.jpg,/content/drive/MyDrive/lora_dataset_final/dataset_lora/after/living_room__b56df95a46101226ba_orig.jpg,living room,train,/home/jupyter/clean_108_WITH_LABELS/before/living_room__b56df95a46101226ba.jpg,/home/jupyter/clean_108_WITH_LABELS/after/living_room__b56df95a46101226ba.jpg,"pale blue striped walls, orange and patterned accents, beige carpeting, warm table lamps, eclectic contemporary",Contemporary,Mid-Century Modern,medium,"Vibrant orange coffee table and lamps, clean-lined white sofa, geometric black-and-white curtains, and striped blue walls."
8db07619badad053ee,https://www.hgtv.com/shows/property-brothers/jonathan-and-drew-scotts-50-most-dramatic-transformations-pictures,/content/drive/MyDrive/lora_dataset_final/dataset_lora/before/bathroom__8db07619badad053ee_orig.jpg,/content/drive/MyDrive/lora_dataset_final/dataset_lora/after/bathroom__8db07619badad053ee_orig.jpg,bathroom,train,/home/jupyter/clean_108_WITH_LABELS/before/bathroom__8db07619badad053ee.jpg,/home/jupyter/clean_108_WITH_LABELS/after/bathroom__8db07619badad053ee.jpg,"pale gray walls with white trim, black and white tile flooring, classic chrome sconce, traditional cottage",Traditional,Farmhouse,high,"Classic black-and-white mosaic tile floor, white pedestal sink, traditional sconce lighting, and craftsman-style window trim."
f9e108abf9b3862a06,https://www.hgtv.com/shows/property-brothers/property-brothers-tackle-an-urban-reno-fit-for-a-modern-family-pictures,/content/drive/MyDrive/lora_dataset_final/dataset_lora/before/living_room__f9e108abf9b3862a06_orig.jpg,/content/drive/MyDrive/lora_dataset_final/dataset_lora/after/living_room__f9e108abf9b3862a06_orig.jpg,living room,train,/home/jupyter/clean_108_WITH_LABELS/before/living_room__f9e108abf9b3862a06.jpg,/home/jupyter/clean_108_WITH_LABELS/after/living_room__f9e108abf9b3862a06.jpg,"crisp white walls, charcoal fireplace surround, white built-in shelving, light wood flooring, arched floor lamp, contemporary glam",Contemporary,Mid-Century Modern,high,"Chrome slatted coffee table, royal blue velvet sofa, arc floor lamp, and clean-lined mid-century style armchairs."
1054f9fcfaf0464936,https://www.hgtv.com/shows/property-brothers/rockin-renos-from-hgtvs-property-brothers-pictures,/content/drive/MyDrive/lora_dataset_final/dataset_lora/before/dining_room__1054f9fcfaf0464936_orig.jpg,/content/drive/MyDrive/lora_dataset_final/dataset_lora/after/dining_room__1054f9fcfaf0464936_orig.jpg,dining room,train,/home/jupyter/clean_108_WITH_LABELS/before/dining_room__1054f9fcfaf0464936.jpg,/home/jupyter/clean_108_WITH_LABELS/after/dining_room__1054f9fcfaf0464936.jpg,"warm beige walls, dark hardwood flooring with patterned rug, large white drum pendant light, transitional",Traditional,Contemporary,high,"Tufted upholstered chairs with nailhead trim, dark wood table, crown molding, geometric rug, and a large drum pendant light."
8834c1fb10b7e94c71,https://www.hgtv.com/shows/property-brothers/room-transformations-from-the-property-brothers-pictures,/content/drive/MyDrive/lora_dataset_final/dataset_lora/before/living_room__8834c1fb10b7e94c71_orig.jpg,/content/drive/MyDrive/lora_dataset_final/dataset_lora/after/living_room__8834c1fb10b7e94c71_orig.jpg,living room,train,/home/jupyter/clean_108_WITH_LABELS/before/living_room__8834c1fb10b7e94c71.jpg,/home/jupyter/clean_108_WITH_LABELS/after/living_room__8834c1fb10b7e94c71.jpg,"Sage green walls with white trim, white built-in bookcase, dark wood flooring, modern cylinder wall sconces, transitional",Traditional,Contemporary,high,"Dark wood mantel, rolled-arm leather armchair, symmetrical layout, sage green walls, contemporary sconces, and clean-lined coffee table."
e4e61da454f4876b82,https://www.hgtv.com/shows/property-brothers/room-transformations-from-the-property-brothers-pictures,/content/drive/MyDrive/lora_dataset_final/dataset_lora/before/bedroom__e4e61da454f4876b82_orig.jpg,/content/drive/MyDrive/lora_dataset_final/dataset_lora/after/bedroom__e4e61da454f4876b82_orig.jpg,bedroom,train,/home/jupyter/clean_108_WITH_LABELS/before/bedroom__e4e61da454f4876b82.jpg,/home/jupyter/clean_108_WITH_LABELS/after/bedroom__e4e61da454f4876b82.jpg,"off-white walls, dark wood nightstands, dark wood flooring with shaggy area rug, patterned drum pendant light, contemporary",Contemporary,Traditional,medium,"Frosted glass drawer fronts, drum pendant light, shag rug, dark wood headboard, and red and brown floral bedding."
f5d10938791f877b7e,https://www.hgtv.com/shows/rev-runs-renovation/rev-runs-reno-four-distinctive-bedroom-makeovers-pictures,/content/drive/MyDrive/lora_dataset_final/dataset_lora/before/bedroom__f5d10938791f877b7e_orig.jpg,/content/drive/MyDrive/lora_dataset_final/dataset_lora/after/bedroom__f5d10938791f877b7e_orig.jpg,bedroom,train,/home/jupyter/clean_108_WITH_LABELS/before/bedroom__f5d10938791f877b7e.jpg,/home/jupyter/clean_108_WITH_LABELS/after/bedroom__f5d10938791f877b7e.jpg,"warm beige walls, dark hardwood flooring, warm ambient table and floor lamps, contemporary transitional",Contemporary,Traditional,high,"Dark wood four-poster bed, tufted ottoman, clean-lined white sofa, geometric lamps, warm color palette, and dark wood flooring."
2872b25788927961bf,https://www.apartmenttherapy.com/white-paint-living-room-redo-ba-37544437,/content/drive/MyDrive/lora_dataset_final/dataset_lora/before/living_room__2872b25788927961bf_orig.jpg,/content/drive/MyDrive/lora_dataset_final/dataset_lora/after/living_room__2872b25788927961bf_orig.jpg,living room,train,/home/jupyter/clean_108_WITH_LABELS/before/living_room__2872b25788927961bf.jpg,/home/jupyter/clean_108_WITH_LABELS/after/living_room__2872b25788927961bf.jpg,"soft off-white walls, sage green drapery, light oak flooring, spherical crystal pendant light, contemporary bohemian",Contemporary,Bohemian,medium,"Grey sectional, geometric shag rug, abundant houseplants, black tiled fireplace, and eclectic mantel decor on light wood floors."
dd4474cba0c43eff83,https://www.hgtv.com/shows/brother-vs-brother/brother-versus-brother-season-eight-drews-house-tour-pictures,/content/drive/MyDrive/lora_dataset_final/dataset_lora/before/kitchen__dd4474cba0c43eff83_orig.jpg,/content/drive/MyDrive/lora_dataset_final/dataset_lora/after/kitchen__dd4474cba0c43eff83_orig.jpg,kitchen,train,/home/jupyter/clean_108_WITH_LABELS/before/kitchen__dd4474cba0c43eff83.jpg,/home/jupyter/clean_108_WITH_LABELS/after/kitchen__dd4474cba0c43eff83.jpg,"Cream walls, teal flat-panel cabinetry, light oak flooring, brass dome pendants and classic chandelier, eclectic transitional",Farmhouse,Traditional,high,"Distressed wood dining table, striped upholstered chairs, woven barstools, brass dome pendants, and a classic wrought-iron chandelier."
99ad8bc49d0a74cf29,https://www.hgtv.com/shows/brother-vs-brother/grand-guest-room-suites-pictures,/content/drive/MyDrive/lora_dataset_final/dataset_lora/before/bedroom__99ad8bc49d0a74cf29_orig.jpg,/content/drive/MyDrive/lora_dataset_final/dataset_lora/after/bedroom__99ad8bc49d0a74cf29_orig.jpg,bedroom,train,/home/jupyter/clean_108_WITH_LABELS/before/bedroom__99ad8bc49d0a74cf29.jpg,/home/jupyter/clean_108_WITH_LABELS/after/bedroom__99ad8bc49d0a74cf29.jpg,"pale gray walls, sage green accents, light oak flooring, woven area rug, drum pendant light, transitional",Traditional,Coastal,high,"Cane-back wingback chairs, pedestal table, ocean wave artwork, sage green drapes, and a soft neutral color palette."
241a33e57e03c6666a,https://www.hgtv.com/shows/brother-vs-brother/jonathan-scotts-galveston-beach-house-makeover-pictures,/content/drive/MyDrive/lora_dataset_final/dataset_lora_holdout/before/dining_room__241a33e57e03c6666a_orig.jpg,/content/drive/MyDrive/lora_dataset_final/dataset_lora_holdout/after/dining_room__241a33e57e03c6666a_orig.jpg,dining room,holdout,/home/jupyter/clean_108_WITH_LABELS/before/dining_room__241a33e57e03c6666a.jpg,/home/jupyter/clean_108_WITH_LABELS/after/dining_room__241a33e57e03c6666a.jpg,"deep teal walls, light oak doors, dark wood flooring with herringbone rug, brass globe chandeliers, mid-century modern",Mid-Century Modern,Contemporary,high,"Molded shell chairs, globe and sputnik chandeliers, concrete dining table, wood-paneled ceiling, and bold teal accent walls."
401477c95afe444cde,https://www.hgtv.com/shows/brother-vs-brother/hollywood-classic-luxury-living-rooms-pictures,/content/drive/MyDrive/lora_dataset_final/dataset_lora/before/entryway__401477c95afe444cde_orig.jpg,/content/drive/MyDrive/lora_dataset_final/dataset_lora/after/entryway__401477c95afe444cde_orig.jpg,entryway,train,/home/jupyter/clean_108_WITH_LABELS/before/entryway__401477c95afe444cde.jpg,/home/jupyter/clean_108_WITH_LABELS/after/entryway__401477c95afe444cde.jpg,"crisp white walls, black entry door, light oak herringbone flooring, sculptural brass pendant light, modern Mediterranean",Traditional,Contemporary,high,"Arched doorways, herringbone wood floors, crown molding, botanical prints, high-contrast black door, and a gold leaf chandelier."
2a5191797f35a039d8_merged_8ddf7577,https://www.hgtv.com/shows/brother-vs-brother/hotel-inspired-guest-suites-from-drew-and-jonathan-scott-pictures,/content/drive/MyDrive/lora_dataset_final/dataset_lora_holdout/before/bathroom__2a5191797f35a039d8_merged_8ddf7577_orig.jpg,/content/drive/MyDrive/lora_dataset_final/dataset_lora_holdout/after/bathroom__2a5191797f35a039d8_merged_8ddf7577_orig.jpg,bathroom,holdout,/home/jupyter/clean_108_WITH_LABELS/before/bathroom__2a5191797f35a039d8_merged_8ddf7577.jpg,/home/jupyter/clean_108_WITH_LABELS/after/bathroom__2a5191797f35a039d8_merged_8ddf7577.jpg,"gray walls, white subway tile, charcoal wood vanities, marble-look tile flooring, modern bar vanity lights, transitional",Contemporary,Farmhouse,high,"Weathered wood vanities, white subway tile with dark grout, cool gray walls, marble-look flooring, and linear light fixtures."
253c04c76b80fa780f,https://www.thespruce.com/before-and-after-bedroom-makeovers-8671901,/content/drive/MyDrive/lora_dataset_final/dataset_lora/before/bedroom__253c04c76b80fa780f_orig.jpg,/content/drive/MyDrive/lora_dataset_final/dataset_lora/after/bedroom__253c04c76b80fa780f_orig.jpg,bedroom,train,/home/jupyter/clean_108_WITH_LABELS/before/bedroom__253c04c76b80fa780f.jpg,/home/jupyter/clean_108_WITH_LABELS/after/bedroom__253c04c76b80fa780f.jpg,"teal board and batten accent wall, dark hardwood flooring, abstract patterned rug, modern brass chandelier, colorful contemporary",Contemporary,Mid-Century Modern,high,"Curved tub chairs, geometric pillows, abstract rug, brass half-moon mirror, and a multi-arm black and gold chandelier."
e348604d8eef3d1b54,https://www.thespruce.com/before-and-after-bedroom-makeovers-8671901,/content/drive/MyDrive/lora_dataset_final/dataset_lora/before/bedroom__e348604d8eef3d1b54_orig.jpg,/content/drive/MyDrive/lora_dataset_final/dataset_lora/after/bedroom__e348604d8eef3d1b54_orig.jpg,bedroom,train,/home/jupyter/clean_108_WITH_LABELS/before/bedroom__e348604d8eef3d1b54.jpg,/home/jupyter/clean_108_WITH_LABELS/after/bedroom__e348604d8eef3d1b54.jpg,"white painted brick walls, neutral palette, light wood flooring, cream area rug, modern ceramic table lamps, contemporary industrial loft",Contemporary,Industrial,high,"Exposed white brick walls, large loft window, clean-lined canopy bed, minimalist white nightstands, and vibrant butterfly art prints."
478ee73ba6a09dbe02,https://www.thespruce.com/before-and-after-bedroom-makeovers-8671901,/content/drive/MyDrive/lora_dataset_final/dataset_lora/before/bedroom__478ee73ba6a09dbe02_orig.jpg,/content/drive/MyDrive/lora_dataset_final/dataset_lora/after/bedroom__478ee73ba6a09dbe02_orig.jpg,bedroom,train,/home/jupyter/clean_108_WITH_LABELS/before/bedroom__478ee73ba6a09dbe02.jpg,/home/jupyter/clean_108_WITH_LABELS/after/bedroom__478ee73ba6a09dbe02.jpg,"white walls with yellow star decals, bright yellow closet doors, light wood flooring, brass sputnik chandelier, playful modern",Mid-Century Modern,Modern,high,"Brass sputnik chandelier, globe table lamps, bright yellow upholstered headboard, white minimalist nightstands, and playful star-patterned wallpaper."
189ae75ae2d90c5c33,https://www.thespruce.com/before-and-after-attic-makeovers-5072923,/content/drive/MyDrive/lora_dataset_final/dataset_lora/before/bathroom__189ae75ae2d90c5c33_orig.jpg,/content/drive/MyDrive/lora_dataset_final/dataset_lora/after/bathroom__189ae75ae2d90c5c33_orig.jpg,bathroom,train,/home/jupyter/clean_108_WITH_LABELS/before/bathroom__189ae75ae2d90c5c33.jpg,/home/jupyter/clean_108_WITH_LABELS/after/bathroom__189ae75ae2d90c5c33.jpg,"White shiplap and subway tile walls, dark wood vintage vanity, warm hardwood flooring, crystal chandelier, eclectic farmhouse",Traditional,Farmhouse,high,"Clawfoot tub, ornate dark wood vanity, crystal chandelier, shiplap walls, woven wood blinds, and white subway tile."
da023e387cb36fba96,https://www.hgtv.com/shows/brother-vs-brother/brother-vs--brother--living-room-renovations-from-jonathan-and-d-pictures,/content/drive/MyDrive/lora_dataset_final/dataset_lora/before/dining_room__da023e387cb36fba96_orig.jpg,/content/drive/MyDrive/lora_dataset_final/dataset_lora/after/dining_room__da023e387cb36fba96_orig.jpg,dining room,train,/home/jupyter/clean_108_WITH_LABELS/before/dining_room__da023e387cb36fba96.jpg,/home/jupyter/clean_108_WITH_LABELS/after/dining_room__da023e387cb36fba96.jpg,"greige tiled fireplace, reclaimed wood accent wall, dark floating shelves, light oak flooring, wood orb pendant light, modern rustic",Contemporary,Rustic,high,"Sleek large-format tiled fireplace, neutral palette, and clean lines paired with a reclaimed wood accent wall and rustic wooden console."
