pair_id,room_type,a_is_lora,claude_pick,claude_reason,gemini_pick,gemini_reason
bathroom__2a5191797f35a039d8_merged_8ddf7577,bathroom,False,lora,"Option B more accurately renders a bathroom-appropriate renovation with a proper vanity mirror, bar vanity light above the sink, charcoal cabinetry, white subway tile backsplash, and marble-look flooring all cohesively combined, while maintaining the room's original architectural layout and perspective with higher photorealism.",lora,"Option B creates a logical and functional space with a proper vanity setup, mirror, and bar lighting, whereas Option A bizarrely combines a full living room sofa with a massive, mirrorless bathroom counter placed awkwardly under a window."
bedroom__5c0e77457756290179,bedroom,True,lora,"Option A more faithfully executes the design brief with clearly weathered metal open shelving on both sides, warmer gray walls, richer dark wood flooring, and a warm table lamp, while maintaining a cleaner, more professionally styled transitional aesthetic.",lora,"Option A features a more cohesive and physically plausible layout, whereas Option B includes heavy industrial shelving that appears to float unnaturally on the right wall."
bedroom__5f44749467b4e600f7,bedroom,True,lora,"Option A more completely fulfills the design brief with striped accent wallpaper, a functional built-in closet organizer with hanging clothes, statement pendant lighting, coordinated window treatments, artwork, and a fuller contemporary bohemian furniture arrangement at higher photorealistic quality.",lora,"Option A better adheres to the design brief by distinctly featuring a built-in closet organizer with hanging space for clothes, whereas Option B presents generic built-in shelving."
bedroom__84a1b0698337748591,bedroom,True,lora,"Option A better adheres to the modern bohemian design brief with its upholstered bed, clean white linens, patterned ceramic lamp, and higher photorealistic quality, whereas Option B's wooden slatted headboard and green bedding diverge from the specified contemporary aesthetic.",lora,"Option A delivers a much more photorealistic and professional result, avoiding the severe architectural distortion in the ceiling corner and the messy, unrealistic rendering of the lamp cord seen in Option B."
dining_room__241a33e57e03c6666a,dining_room,False,lora,"Option B delivers a more cohesive, magazine-ready result with better photorealism, appropriate brass globe chandelier, elegant window treatments, light oak door trim, and a well-staged mid-century modern seating arrangement, without the jarring orange freestanding fireplace that dominates and disrupts Option A's design harmony.",lora,"Option B provides a more photorealistic and magazine-ready staging, avoiding the distracting, poorly integrated orange fireplace and strange wall artifacts present in Option A."
entryway__8a18c48d9eb493f3d8,entryway,False,lora,"Option B better preserves the original room's architecture and perspective while delivering a more photorealistic, professionally finished result with richer detail in the cabinetry, kitchen backsplash, and lighting that more faithfully fulfills the coastal transitional design brief.",base,"Option A better preserves the likely original room architecture, whereas Option B improperly removes the left wall to create an open space, altering the structural layout."
kitchen__bac889508b872dd53c,kitchen,False,lora,"Option B better fulfills the design brief with clearly visible dark wood flooring, light gray walls, white shaker glass-front cabinetry, stainless steel appliances, recessed lighting, and a more photorealistic, professionally finished appearance that preserves the original room's layout and perspective.",lora,"Option B exhibits vastly superior photorealism and professional design quality, completely avoiding the severe rendering artifacts present in Option A's bizarre stove and unfinished lower corner cabinets."
living_room__39df78bdf3c99d8b73,living_room,True,lora,"Option A better adheres to the design brief with a fully dark wood coffered ceiling, richer gray grasscloth texture on walls, more complete furnishing with accent chairs and blue pillows, and higher overall photorealism and magazine-ready staging quality.",lora,"Option A features a more complete and balanced furniture layout and correctly renders the coffered ceiling entirely in dark wood as requested, without the unnatural window artifacts seen in Option B."
living_room__7ad0cf7c5c3585abc2,living_room,True,lora,"Option A better preserves the original room's architecture and window positions, delivers superior photorealism with natural light, and more completely fulfills the design brief with white window treatments, visible grasscloth texture, a fully styled mantel, and a more magazine-ready, balanced furniture arrangement.",lora,"Option A successfully preserves the original architecture, ceiling shape, and rectangular window styles, whereas Option B incorrectly alters the ceiling slope on the right and changes a window into an arched shape, violating the brief's instructions."
living_room__8be66e716ba7b0dca6,living_room,True,base,"Option B delivers superior photorealism and a more cohesive contemporary transitional aesthetic with its elegant ring chandelier, better-proportioned sofa seating arrangement, refined gray drapery, and more convincing material quality throughout, while maintaining the room's original architecture more faithfully.",base,"Option B provides a much more natural and realistic furniture layout for a living room with a sofa, whereas Option A's arrangement of three identical armchairs feels like a waiting room and suffers from noticeable rendering artifacts in the console table lamps and wall art."
